{
  "source": "https://docs.virustotal.com/docs/false-positive-contacts",
  "companies": {
    "360": {
      "type": "email",
      "contacts": ["kefu@360.cn"]
    },
    "Abusix": {
      "type": "multiple",
      "contacts": [
        {"type": "email", "contact": "support@abusix.com"},
        {"type": "form", "contact": "https://lookup.abusix.com/"}
      ]
    },
    "Acronis": {
      "type": "email",
      "contacts": ["virustotal-falsepositive@acronis.com"]
    },
    "ADMINUSLabs": {
      "type": "multiple",
      "contacts": [
        {"type": "email", "contact": "info@adminuslabs.net"},
        {"type": "email", "contact": "samples@adminus.net"},
        {"type": "email", "contact": "falsepositive@adminuslabs.net"}
      ]
    },
    "AegisLab": {
      "type": "email",
      "contacts": ["support@aegislab.com"]
    },
    "Ahnlab": {
      "type": "multiple",
      "contacts": [
        {"type": "email", "contact": "e-support@ahnlab.com"},
        {"type": "email", "contact": "samples@ahnlab.com"}
      ]
    },
    "AILabs (Monitorapp)": {
      "type": "email",
      "contacts": ["aicc@monitorapp.com"]
    },
    "Alibaba": {
      "type": "email",
      "contacts": ["virustotal@list.alibaba-inc.com"]
    },
    "AliCloud": {
      "type": "email",
      "contacts": ["antivirus@alibabacloud.com"]
    },
    "AlienVault": {
      "type": "email",
      "contacts": ["otx-support@alienvault.com"]
    },
    "AlphaMountain": {
      "type": "email",
      "contacts": ["support@alphamountain.ai"]
    },
    "AlphaSOC": {
      "type": "email",
      "contacts": ["virustotal@alphasoc.com"]
    },
    "Alyac (Estsoft)": {
      "type": "email",
      "contacts": ["esrc@estsecurity.com"]
    },
    "Antivir (Avira)": {
      "type": "form",
      "contacts": ["https://www.avira.com/en/analysis/submit-url"]
    },
    "Antiy": {
      "type": "email",
      "contacts": ["avlsdk_support@antiy.cn"]
    },
    "Arcabit": {
      "type": "email",
      "contacts": ["vt.fp@arcabit.pl"]
    },
    "ArcSight Threat Intelligence": {
      "type": "email",
      "contacts": ["virustotalsupport@opentext.com"]
    },
    "AutoShun": {
      "type": "email",
      "contacts": ["info@autoshun.org"]
    },
    "Avast": {
      "type": "email",
      "contacts": ["DL-Virus@gendigital.com"]
    },
    "AVG": {
      "type": "multiple",
      "contacts": [
        {"type": "form", "contact": "http://www.avg.com/submit-sample"},
        {"type": "form", "contact": "http://www.avg.com/us-en/whitelist"}
      ]
    },
    "Baidu": {
      "type": "multiple",
      "contacts": [
        {"type": "email", "contact": "bav@baidu.com"},
        {"type": "email", "contact": "gaoyingchun@baidu.com"}
      ]
    },
    "BitDefender": {
      "type": "email",
      "contacts": ["virus_submission@bitdefender.com"]
    },
    "BforeAi": {
      "type": "form",
      "contacts": ["https://bfore.ai/support"]
    },
    "Bkav": {
      "type": "multiple",
      "contacts": [
        {"type": "email", "contact": "fpreport@bkav.com"},
        {"type": "email", "contact": "bkav@bkav.com"}
      ]
    },
    "Certego": {
      "type": "email",
      "contacts": ["fp@certego.net"]
    },
    "ChainPatrol": {
      "type": "email",
      "contacts": ["dispute@chainpatrol.io"]
    },
    "Chong Lua Dao": {
      "type": "email",
      "contacts": ["info@chongluadao.vn"]
    },
    "CINS Army (Sentinel IPS)": {
      "type": "form",
      "contacts": ["http://cinsscore.com/#contact"]
    },
    "ClamAV": {
      "type": "form",
      "contacts": ["http://www.clamav.net/reports/fp"]
    },
    "Clean-MX": {
      "type": "email",
      "contacts": ["abuse@clean-mx.de"]
    },
    "Cluster25": {
      "type": "email",
      "contacts": ["threatintel@cluster25.io"]
    },
    "CMC": {
      "type": "email",
      "contacts": ["PSIRT@cmccybersecurity.com"]
    },
    "CRDF": {
      "type": "form",
      "contacts": ["https://threatcenter.crdf.fr/false_positive.html"]
    },
    "Criminal IP (AI Spera)": {
      "type": "email",
      "contacts": ["support@aispera.com"]
    },
    "CrowdStrike": {
      "type": "email",
      "contacts": ["VTscanner@crowdstrike.com"]
    },
    "CSIS Security Group": {
      "type": "email",
      "contacts": ["abuse-reporting@csis.com"]
    },
    "CyanSecurity": {
      "type": "email",
      "contacts": ["virustotal@cyansecurity.com"]
    },
    "Cybereason": {
      "type": "email",
      "contacts": ["vt-feedback@cybereason.com"]
    },
    "Cyble": {
      "type": "email",
      "contacts": ["cyblevt_patnership@cyble.com"]
    },
    "Cylance": {
      "type": "email",
      "contacts": ["virustotal@arcticwolf.com"]
    },
    "Cynet": {
      "type": "email",
      "contacts": ["soc@cynet.com"]
    },
    "CyRadar": {
      "type": "email",
      "contacts": ["virustotal@cyradar.com"]
    },
    "Deep Instinct": {
      "type": "email",
      "contacts": ["vt-fps-requests@deepinstinct.com"]
    },
    "DNS8": {
      "type": "email",
      "contacts": ["dns8@layer8.pt"]
    },
    "DrWeb": {
      "type": "email",
      "contacts": ["vms@drweb.com"]
    },
    "eGambit (Tehtris)": {
      "type": "multiple",
      "contacts": [
        {"type": "form", "contact": "https://tehtris.com/egambit_fp.php"},
        {"type": "email", "contact": "virus@tehtris.com"}
      ]
    },
    "Elastic": {
      "type": "multiple",
      "contacts": [
        {"type": "form", "contact": "https://docs.google.com/forms/d/e/1FAIpQLSfKZOPSPcucmgNR9_j316JnG_qYbJBpti5JSsNxQNQtTHjsxw/viewform"},
        {"type": "form", "contact": "https://discuss.elastic.co/t/submitting-false-positives/232322"}
      ]
    },
    "Emsisoft": {
      "type": "multiple",
      "contacts": [
        {"type": "email", "contact": "submit@emsisoft.com"},
        {"type": "email", "contact": "fp@emsisoft.com"},
        {"type": "form", "contact": "https://www.emsisoft.com/en/support/contact/"}
      ]
    },
    "Ermes": {
      "type": "email",
      "contacts": ["support-vt@ermes.company"]
    },
    "ESET": {
      "type": "form",
      "contacts": ["https://support.eset.com/kb141/?page=content&id=SOLN141"]
    },
    "FireEye": {
      "type": "email",
      "contacts": ["virustotal@fireeye.com"]
    },
    "F-Prot": {
      "type": "email",
      "contacts": ["viruslab@f-prot.com"]
    },
    "F-Secure/WithSecure": {
      "type": "form",
      "contacts": ["https://www.withsecure.com/en/support/contact-support/submit-a-sample"]
    },
    "Forcepoint ThreatSeeker": {
      "type": "email",
      "contacts": ["reviewmysite@forcepoint.com"]
    },
    "Fortinet": {
      "type": "multiple",
      "contacts": [
        {"type": "form", "contact": "https://www.fortiguard.com/faq/classificationdispute"},
        {"type": "form", "contact": "http://www.fortinet.com/support/contact_support.html"},
        {"type": "form", "contact": "https://www.fortiguard.com/faq/malurl"}
      ]
    },
    "GData": {
      "type": "form",
      "contacts": ["https://www.gdata.de/help/en/general/GeneralInformation/submitFileAppURL/"]
    },
    "Google (File Scanner)": {
      "type": "email",
      "contacts": ["google-at-virustotal@google.com"]
    },
    "Google Safe Browsing (URL/Netloc Scanner) / Web Risk": {
      "type": "form",
      "contacts": ["https://safebrowsing.google.com/safebrowsing/report_error/?hl=en"]
    },
    "GreenSnow": {
      "type": "form",
      "contacts": ["https://greensnow.co/contact"]
    },
    "Gridinsoft": {
      "type": "email",
      "contacts": ["virus@gridinsoft.com"]
    },
    "Hacksoft": {
      "type": "email",
      "contacts": ["virus@hacksoft.com.pe"]
    },
    "Hauri": {
      "type": "email",
      "contacts": ["viruslab@hauri.co.kr"]
    },
    "Heimdal": {
      "type": "email",
      "contacts": ["report-vt@heimdalsecurity.com"]
    },
    "Hunt.io Intelligence": {
      "type": "email",
      "contacts": ["k.lo@hunt.io"]
    },
    "Huorong": {
      "type": "email",
      "contacts": ["seclab@huorong.cn"]
    },
    "Hoplite Industries": {
      "type": "email",
      "contacts": ["vt-info@hopliteindustries.com"]
    },
    "Ikarus": {
      "type": "email",
      "contacts": ["fp@ikarus.at"]
    },
    "Inca (Tachyon)": {
      "type": "email",
      "contacts": ["virus_info@inca.co.kr"]
    },
    "IPsum": {
      "type": "form",
      "contacts": ["https://github.com/stamparm/ipsum"]
    },
    "Jiangmin": {
      "type": "multiple",
      "contacts": [
        {"type": "email", "contact": "support@jiangmin.com"},
        {"type": "email", "contact": "shaojia@jiangmin.com"}
      ]
    },
    "K7": {
      "type": "multiple",
      "contacts": [
        {"type": "email", "contact": "reportfp@labs.k7computing.com"},
        {"type": "email", "contact": "k7viruslab@labs.k7computing.com"}
      ]
    },
    "Kaspersky": {
      "type": "email",
      "contacts": ["newvirus@kaspersky.com"]
    },
    "Kingsoft": {
      "type": "email",
      "contacts": ["ti@mingting.cn"]
    },
    "Lionic": {
      "type": "multiple",
      "contacts": [
        {"type": "form", "contact": "https://www.lionic.com/reportfp/"},
        {"type": "email", "contact": "support@lionic.com"}
      ]
    },
    "Lumu": {
      "type": "email",
      "contacts": ["vt@lumu.io"]
    },
    "Malbeacon": {
      "type": "email",
      "contacts": ["vtreport@malbeacon.com"]
    },
    "Malwarebytes": {
      "type": "form",
      "contacts": ["https://forums.malwarebytes.com/forum/122-false-positives/"]
    },
    "Malwares.com (Saint Security)": {
      "type": "email",
      "contacts": ["kog@stsc.com"]
    },
    "MalwareURL": {
      "type": "email",
      "contacts": ["team@malwareurl.com"]
    },
    "CTX (SaintSecurity)": {
      "type": "email",
      "contacts": ["root@malwares.com"]
    },
    "MaxSecure": {
      "type": "email",
      "contacts": ["tech@maxpcsecure.com"]
    },
    "McAfee": {
      "type": "multiple",
      "contacts": [
        {"type": "form", "contact": "https://www.mcafee.com/support/s/article/000001921?language=en_US"},
        {"type": "email", "contact": "virus_research@mcafee.com"}
      ]
    },
    "Skyhigh": {
      "type": "email",
      "contacts": ["GatewayAnti-Malware-SupportEscalations@SkyhighSecurity.com"]
    },
    "Microsoft": {
      "type": "form",
      "contacts": ["https://www.microsoft.com/en-us/wdsi/filesubmission"]
    },
    "Microworld": {
      "type": "email",
      "contacts": ["samples@escanav.com"]
    },
    "NANO": {
      "type": "multiple",
      "contacts": [
        {"type": "form", "contact": "http://www.nanoav.ru/index.php?option=com_content&view=article&id=15&Itemid=83&lang=en"},
        {"type": "email", "contact": "false@nanoav.ru"}
      ]
    },
    "Netcraft": {
      "type": "form",
      "contacts": ["https://report.netcraft.com/report/mistake"]
    },
    "Inca (previous nProtect)": {
      "type": "email",
      "contacts": ["virus_info@inca.co.kr"]
    },
    "Palo Alto": {
      "type": "multiple",
      "contacts": [
        {"type": "form", "contact": "https://live.paloaltonetworks.com/t5/virustotal/bd-p/VirusTotal_Discussions"},
        {"type": "email", "contact": "vt-pan-false-positive@paloaltonetworks.com"}
      ]
    },
    "Panda": {
      "type": "multiple",
      "contacts": [
        {"type": "email", "contact": "falsepositives@pandasecurity.com"},
        {"type": "email", "contact": "virussamples@pandasecurity.com"}
      ]
    },
    "Phishing Database": {
      "type": "form",
      "contacts": ["https://github.com/Phishing-Database/Phishing.Database#reporting-issues"]
    },
    "PhishLabs": {
      "type": "email",
      "contacts": ["info@phishlabs.com"]
    },
    "Prebytes": {
      "type": "form",
      "contacts": ["https://www.support.prebytes.com/helpcenter/removals/"]
    },
    "Qihoo360": {
      "type": "email",
      "contacts": ["support@360safe.com"]
    },
    "QuickHeal": {
      "type": "email",
      "contacts": ["viruslab@quickheal.com"]
    },
    "Quttera": {
      "type": "email",
      "contacts": ["support@quttera.com"]
    },
    "Rising": {
      "type": "email",
      "contacts": ["fp@rising.com.cn"]
    },
    "SafeToOpen": {
      "type": "email",
      "contacts": ["virustotal@safetoopen.com"]
    },
    "Sansec eComscan": {
      "type": "email",
      "contacts": ["virustotal@sansec.io"]
    },
    "Sangfor": {
      "type": "email",
      "contacts": ["virustotal@sangfor.com.cn"]
    },
    "Scumware.org": {
      "type": "form",
      "contacts": ["https://www.scumware.org/removals.php"]
    },
    "SecureAge": {
      "type": "form",
      "contacts": ["https://www.secureaplus.com/features/antivirus/report-false-positive/"]
    },
    "Seclookup": {
      "type": "email",
      "contacts": ["info@seclookup.com"]
    },
    "Mimecast": {
      "type": "email",
      "contacts": ["bep-soc@mimecast.com"]
    },
    "Sentinel One": {
      "type": "email",
      "contacts": ["report@sentinelone.com"]
    },
    "SkyHigh": {
      "type": "email",
      "contacts": ["gatewayantimalwarefpsubmission@skyhighsecurity.com"]
    },
    "SOCRadar": {
      "type": "email",
      "contacts": ["vt@socradar.io"]
    },
    "Sophos": {
      "type": "multiple",
      "contacts": [
        {"type": "form", "contact": "https://support.sophos.com/"},
        {"type": "email", "contact": "samples@sophos.com"}
      ]
    },
    "Spamhaus": {
      "type": "form",
      "contacts": ["https://www.spamhaus.org/dbl/removal/form/"]
    },
    "Sucuri": {
      "type": "email",
      "contacts": ["soc@sucuri.net"]
    },
    "Symantec": {
      "type": "multiple",
      "contacts": [
        {"type": "form", "contact": "https://symsubmit.symantec.com/submit/false_positive"},
        {"type": "form", "contact": "https://knowledge.broadcom.com/external/article/173729/how-to-submit-false-positives-on-content.html"}
      ]
    },
    "Tencent": {
      "type": "email",
      "contacts": ["TAVfp@tencent.com"]
    },
    "TheHacker": {
      "type": "multiple",
      "contacts": [
        {"type": "email", "contact": "virus@hacksoft.com.pe"},
        {"type": "email", "contact": "falsopositivo@hacksoft.com.pe"}
      ]
    },
    "ThreatHive": {
      "type": "email",
      "contacts": ["adam@threathive.com"]
    },
    "Trapmine": {
      "type": "email",
      "contacts": ["fp@trapmine.com"]
    },
    "Trellix": {
      "type": "email",
      "contacts": ["datasubmission@trellix.com"]
    },
    "TrendMicro": {
      "type": "multiple",
      "contacts": [
        {"type": "form", "contact": "https://www.trendmicro.com/en_us/about/legal/detection-reevaluation.html"},
        {"type": "email", "contact": "virus@trendmicro.com"},
        {"type": "email", "contact": "virus_doctor@trendmicro.com"}
      ]
    },
    "Trustwave": {
      "type": "form",
      "contacts": ["https://support.trustwave.com/virustotal-detection-review/"]
    },
    "Trustlook": {
      "type": "email",
      "contacts": ["bd@trustlook.com"]
    },
    "Underworld": {
      "type": "email",
      "contacts": ["post@helsecert.no"]
    },
    "URLQuery": {
      "type": "email",
      "contacts": ["contact@urlquery.net"]
    },
    "Varist": {
      "type": "multiple",
      "contacts": [
        {"type": "email", "contact": "support@varist.com"},
        {"type": "email", "contact": "virus@avsubmit.com"}
      ]
    },
    "VBA32": {
      "type": "email",
      "contacts": ["feedback@anti-virus.by"]
    },
    "Viettel Threat Intelligence": {
      "type": "email",
      "contacts": ["cyberthreat@viettel.com.vn"]
    },
    "Vipre": {
      "type": "email",
      "contacts": ["productsupport@vipre.com"]
    },
    "VirIT": {
      "type": "email",
      "contacts": ["virustotal@viritpro.com"]
    },
    "VirusDie": {
      "type": "email",
      "contacts": ["partners@virusdie.com"]
    },
    "Webroot": {
      "type": "form",
      "contacts": ["https://www.webroot.com/us/en/business/support/vendor-dispute-contact-us"]
    },
    "WithSecure/F-Secure": {
      "type": "multiple",
      "contacts": [
        {"type": "email", "contact": "spyware-samples@f-secure.com"},
        {"type": "email", "contact": "vsamples@f-secure.com"}
      ]
    },
    "Xcitium Verdict Cloud (Comodo)": {
      "type": "email",
      "contacts": ["support@xcitium.com"]
    },
    "Yomi": {
      "type": "email",
      "contacts": ["yomi-false-positives@yoroi.company"]
    },
    "Yandex": {
      "type": "email",
      "contacts": ["yandex-antivir@support.yandex.ru"]
    },
    "Yandex Safebrowsing": {
      "type": "email",
      "contacts": ["sbapi@support.yandex.ru"]
    },
    "ZeroFox": {
      "type": "email",
      "contacts": ["ask@zerofox.com"]
    },
    "Zillya": {
      "type": "email",
      "contacts": ["support@zillya.com"]
    },
    "ZoneAlarm": {
      "type": "email",
      "contacts": ["zonealarm_VT_reports@checkpoint.com"]
    },
    "Zoner": {
      "type": "email",
      "contacts": ["false@zonerantivirus.com"]
    }
  }
}
